images/G0592.png,seg_gt/G0592.png
images/G0375.png,seg_gt/G0375.png
images/G0423.png,seg_gt/G0423.png
images/G0940.png,seg_gt/G0940.png
images/G0865.png,seg_gt/G0865.png
images/G0317.png,seg_gt/G0317.png
images/G0599.png,seg_gt/G0599.png
images/G0516.png,seg_gt/G0516.png
images/G0921.png,seg_gt/G0921.png
images/G0770.png,seg_gt/G0770.png
images/G0527.png,seg_gt/G0527.png
images/G0771.png,seg_gt/G0771.png
images/G0276.png,seg_gt/G0276.png
images/G0892.png,seg_gt/G0892.png
images/G0059.png,seg_gt/G0059.png
images/G0051.png,seg_gt/G0051.png
images/G0368.png,seg_gt/G0368.png
images/G0220.png,seg_gt/G0220.png
images/G0760.png,seg_gt/G0760.png
images/G0319.png,seg_gt/G0319.png
images/G0587.png,seg_gt/G0587.png
images/G0981.png,seg_gt/G0981.png
images/G0814.png,seg_gt/G0814.png
images/G0322.png,seg_gt/G0322.png
images/G0926.png,seg_gt/G0926.png
images/G0169.png,seg_gt/G0169.png
images/G0178.png,seg_gt/G0178.png
images/G0261.png,seg_gt/G0261.png
images/G0306.png,seg_gt/G0306.png
images/G0358.png,seg_gt/G0358.png
images/G0374.png,seg_gt/G0374.png
images/G0395.png,seg_gt/G0395.png
images/G0832.png,seg_gt/G0832.png
images/G0870.png,seg_gt/G0870.png
images/G0894.png,seg_gt/G0894.png
images/G0065.png,seg_gt/G0065.png
images/G0653.png,seg_gt/G0653.png
images/G0615.png,seg_gt/G0615.png
images/G0299.png,seg_gt/G0299.png
images/G0316.png,seg_gt/G0316.png
images/G0114.png,seg_gt/G0114.png
images/G0426.png,seg_gt/G0426.png
images/G0111.png,seg_gt/G0111.png
images/G0978.png,seg_gt/G0978.png
images/G0988.png,seg_gt/G0988.png
images/G0147.png,seg_gt/G0147.png
images/G0351.png,seg_gt/G0351.png
images/G0546.png,seg_gt/G0546.png
images/G0304.png,seg_gt/G0304.png
images/G0611.png,seg_gt/G0611.png
images/G0818.png,seg_gt/G0818.png
images/G0568.png,seg_gt/G0568.png
images/G0037.png,seg_gt/G0037.png
images/G0062.png,seg_gt/G0062.png
images/G0203.png,seg_gt/G0203.png
images/G0258.png,seg_gt/G0258.png
images/G0418.png,seg_gt/G0418.png
images/G0675.png,seg_gt/G0675.png
images/G0562.png,seg_gt/G0562.png
images/G0597.png,seg_gt/G0597.png
images/G0510.png,seg_gt/G0510.png
images/G0570.png,seg_gt/G0570.png
images/G0243.png,seg_gt/G0243.png
images/G0337.png,seg_gt/G0337.png
images/G0412.png,seg_gt/G0412.png
images/G0881.png,seg_gt/G0881.png
images/G0332.png,seg_gt/G0332.png
images/G0150.png,seg_gt/G0150.png
images/G0391.png,seg_gt/G0391.png
images/G0353.png,seg_gt/G0353.png
images/G0179.png,seg_gt/G0179.png
images/G0962.png,seg_gt/G0962.png
images/G0310.png,seg_gt/G0310.png
images/G0256.png,seg_gt/G0256.png
images/G0379.png,seg_gt/G0379.png
images/G0673.png,seg_gt/G0673.png
images/G0171.png,seg_gt/G0171.png
images/G0200.png,seg_gt/G0200.png
images/G0682.png,seg_gt/G0682.png
images/G0715.png,seg_gt/G0715.png
images/G0224.png,seg_gt/G0224.png
images/G0232.png,seg_gt/G0232.png
images/G0295.png,seg_gt/G0295.png
images/G0441.png,seg_gt/G0441.png
images/G0066.png,seg_gt/G0066.png
images/G1022.png,seg_gt/G1022.png
images/G0972.png,seg_gt/G0972.png
images/G0977.png,seg_gt/G0977.png
images/G0965.png,seg_gt/G0965.png
images/G0064.png,seg_gt/G0064.png
images/G0271.png,seg_gt/G0271.png
images/G0286.png,seg_gt/G0286.png
images/G0392.png,seg_gt/G0392.png
images/G0571.png,seg_gt/G0571.png
images/G0782.png,seg_gt/G0782.png
images/G0757.png,seg_gt/G0757.png
images/G0162.png,seg_gt/G0162.png
images/G0479.png,seg_gt/G0479.png
images/G0882.png,seg_gt/G0882.png
images/G0534.png,seg_gt/G0534.png
images/G0655.png,seg_gt/G0655.png
images/G0484.png,seg_gt/G0484.png
images/G0896.png,seg_gt/G0896.png
images/G0697.png,seg_gt/G0697.png
images/G0312.png,seg_gt/G0312.png
images/G0676.png,seg_gt/G0676.png
images/G0625.png,seg_gt/G0625.png
images/G0903.png,seg_gt/G0903.png
images/G0370.png,seg_gt/G0370.png
images/G0860.png,seg_gt/G0860.png
images/G0454.png,seg_gt/G0454.png
images/G0884.png,seg_gt/G0884.png
images/G0952.png,seg_gt/G0952.png
images/G0968.png,seg_gt/G0968.png
images/G0427.png,seg_gt/G0427.png
images/G0907.png,seg_gt/G0907.png
images/G0809.png,seg_gt/G0809.png
images/G0853.png,seg_gt/G0853.png
images/G0067.png,seg_gt/G0067.png
images/G0070.png,seg_gt/G0070.png
images/G0209.png,seg_gt/G0209.png
images/G0293.png,seg_gt/G0293.png
images/G0364.png,seg_gt/G0364.png
images/G0526.png,seg_gt/G0526.png
images/G0591.png,seg_gt/G0591.png
images/G0624.png,seg_gt/G0624.png
images/G0633.png,seg_gt/G0633.png
images/G0637.png,seg_gt/G0637.png
images/G0695.png,seg_gt/G0695.png
images/G0792.png,seg_gt/G0792.png
images/G0805.png,seg_gt/G0805.png
images/G0807.png,seg_gt/G0807.png
images/G0876.png,seg_gt/G0876.png
images/G0917.png,seg_gt/G0917.png
images/G0918.png,seg_gt/G0918.png
images/G0227.png,seg_gt/G0227.png
images/G0947.png,seg_gt/G0947.png
images/G0941.png,seg_gt/G0941.png
images/G0822.png,seg_gt/G0822.png
images/G0891.png,seg_gt/G0891.png
images/G0145.png,seg_gt/G0145.png
images/G0923.png,seg_gt/G0923.png
images/G0826.png,seg_gt/G0826.png
images/G0698.png,seg_gt/G0698.png
images/G0795.png,seg_gt/G0795.png
images/G0718.png,seg_gt/G0718.png
images/G0226.png,seg_gt/G0226.png
images/G0507.png,seg_gt/G0507.png
images/G0904.png,seg_gt/G0904.png
images/G0488.png,seg_gt/G0488.png
images/G0472.png,seg_gt/G0472.png
images/G0799.png,seg_gt/G0799.png
images/G0744.png,seg_gt/G0744.png
images/G0922.png,seg_gt/G0922.png
images/G0950.png,seg_gt/G0950.png
images/G0934.png,seg_gt/G0934.png
images/G0416.png,seg_gt/G0416.png
images/G0541.png,seg_gt/G0541.png
images/G1002.png,seg_gt/G1002.png
images/G0858.png,seg_gt/G0858.png
images/G0249.png,seg_gt/G0249.png
images/G0849.png,seg_gt/G0849.png
images/G0444.png,seg_gt/G0444.png
images/G0583.png,seg_gt/G0583.png
images/G0817.png,seg_gt/G0817.png
images/G0446.png,seg_gt/G0446.png
images/G0985.png,seg_gt/G0985.png
images/G0320.png,seg_gt/G0320.png
images/G0202.png,seg_gt/G0202.png
images/G0049.png,seg_gt/G0049.png
images/G0815.png,seg_gt/G0815.png
images/G0596.png,seg_gt/G0596.png
images/G0883.png,seg_gt/G0883.png
images/G0130.png,seg_gt/G0130.png
images/G0690.png,seg_gt/G0690.png
images/G0195.png,seg_gt/G0195.png
images/G0901.png,seg_gt/G0901.png
images/G0632.png,seg_gt/G0632.png
images/G0399.png,seg_gt/G0399.png
images/G0290.png,seg_gt/G0290.png
images/G0235.png,seg_gt/G0235.png
images/G0372.png,seg_gt/G0372.png
images/G0109.png,seg_gt/G0109.png
images/G1010.png,seg_gt/G1010.png
images/G0028.png,seg_gt/G0028.png
images/G0975.png,seg_gt/G0975.png
images/G0020.png,seg_gt/G0020.png
images/G0052.png,seg_gt/G0052.png
images/G0250.png,seg_gt/G0250.png
images/G0274.png,seg_gt/G0274.png
images/G0329.png,seg_gt/G0329.png
images/G0543.png,seg_gt/G0543.png
images/G0268.png,seg_gt/G0268.png
images/G0414.png,seg_gt/G0414.png
images/G0466.png,seg_gt/G0466.png
images/G0386.png,seg_gt/G0386.png
images/G0222.png,seg_gt/G0222.png
images/G0436.png,seg_gt/G0436.png
images/G0631.png,seg_gt/G0631.png
images/G0110.png,seg_gt/G0110.png
images/G0334.png,seg_gt/G0334.png
images/G0451.png,seg_gt/G0451.png
images/G0539.png,seg_gt/G0539.png
images/G0266.png,seg_gt/G0266.png
images/G0802.png,seg_gt/G0802.png
images/G0388.png,seg_gt/G0388.png
images/G0068.png,seg_gt/G0068.png
images/G0118.png,seg_gt/G0118.png
images/G0185.png,seg_gt/G0185.png
images/G0294.png,seg_gt/G0294.png
images/G0387.png,seg_gt/G0387.png
images/G0434.png,seg_gt/G0434.png
images/G0455.png,seg_gt/G0455.png
images/G0005.png,seg_gt/G0005.png
images/G0911.png,seg_gt/G0911.png
images/G0569.png,seg_gt/G0569.png
images/G0365.png,seg_gt/G0365.png
images/G0264.png,seg_gt/G0264.png
images/G0663.png,seg_gt/G0663.png
images/G0994.png,seg_gt/G0994.png
images/G0728.png,seg_gt/G0728.png
images/G0544.png,seg_gt/G0544.png
images/G0031.png,seg_gt/G0031.png
images/G0862.png,seg_gt/G0862.png
images/G0041.png,seg_gt/G0041.png
images/G0913.png,seg_gt/G0913.png
images/G0430.png,seg_gt/G0430.png
images/G0458.png,seg_gt/G0458.png
images/G0357.png,seg_gt/G0357.png
images/G0096.png,seg_gt/G0096.png
images/G0581.png,seg_gt/G0581.png
images/G0635.png,seg_gt/G0635.png
images/G0515.png,seg_gt/G0515.png
images/G0478.png,seg_gt/G0478.png
images/G0567.png,seg_gt/G0567.png
images/G0004.png,seg_gt/G0004.png
images/G0029.png,seg_gt/G0029.png
images/G0149.png,seg_gt/G0149.png
images/G0193.png,seg_gt/G0193.png
images/G0241.png,seg_gt/G0241.png
images/G0431.png,seg_gt/G0431.png
images/G0449.png,seg_gt/G0449.png
images/G0495.png,seg_gt/G0495.png
images/G0997.png,seg_gt/G0997.png
images/G1006.png,seg_gt/G1006.png
images/G0136.png,seg_gt/G0136.png
images/G0433.png,seg_gt/G0433.png
images/G0518.png,seg_gt/G0518.png
images/G0895.png,seg_gt/G0895.png
images/G0937.png,seg_gt/G0937.png
images/G0228.png,seg_gt/G0228.png
images/G0829.png,seg_gt/G0829.png
images/G0960.png,seg_gt/G0960.png
images/G0153.png,seg_gt/G0153.png
images/G0180.png,seg_gt/G0180.png
images/G0380.png,seg_gt/G0380.png
images/G1004.png,seg_gt/G1004.png
images/G0654.png,seg_gt/G0654.png
images/G0438.png,seg_gt/G0438.png
images/G0505.png,seg_gt/G0505.png
images/G0879.png,seg_gt/G0879.png
images/G0875.png,seg_gt/G0875.png
images/G0238.png,seg_gt/G0238.png
images/G0247.png,seg_gt/G0247.png
images/G0499.png,seg_gt/G0499.png
images/G0761.png,seg_gt/G0761.png
images/G0777.png,seg_gt/G0777.png
images/G0838.png,seg_gt/G0838.png
images/G0850.png,seg_gt/G0850.png
images/G0878.png,seg_gt/G0878.png
images/G1009.png,seg_gt/G1009.png
images/G0605.png,seg_gt/G0605.png
images/G0606.png,seg_gt/G0606.png
images/G0677.png,seg_gt/G0677.png
images/G0692.png,seg_gt/G0692.png
images/G0747.png,seg_gt/G0747.png
images/G0874.png,seg_gt/G0874.png
images/G0897.png,seg_gt/G0897.png
images/G0925.png,seg_gt/G0925.png
images/G0938.png,seg_gt/G0938.png
images/G0953.png,seg_gt/G0953.png
images/G0011.png,seg_gt/G0011.png
images/G0708.png,seg_gt/G0708.png
images/G0813.png,seg_gt/G0813.png
images/G0867.png,seg_gt/G0867.png
images/G0887.png,seg_gt/G0887.png
images/G0908.png,seg_gt/G0908.png
images/G0135.png,seg_gt/G0135.png
images/G0608.png,seg_gt/G0608.png
images/G0835.png,seg_gt/G0835.png
images/G0429.png,seg_gt/G0429.png
images/G0780.png,seg_gt/G0780.png
images/G0023.png,seg_gt/G0023.png
images/G1023.png,seg_gt/G1023.png
images/G0620.png,seg_gt/G0620.png
images/G0081.png,seg_gt/G0081.png
images/G0634.png,seg_gt/G0634.png
images/G0636.png,seg_gt/G0636.png
images/G0724.png,seg_gt/G0724.png
images/G0839.png,seg_gt/G0839.png
images/G0995.png,seg_gt/G0995.png
images/G1003.png,seg_gt/G1003.png
images/G0383.png,seg_gt/G0383.png
images/G0229.png,seg_gt/G0229.png
images/G0503.png,seg_gt/G0503.png
images/G0033.png,seg_gt/G0033.png
images/G0749.png,seg_gt/G0749.png
images/G0613.png,seg_gt/G0613.png
images/G0341.png,seg_gt/G0341.png
images/G0298.png,seg_gt/G0298.png
images/G0190.png,seg_gt/G0190.png
images/G0618.png,seg_gt/G0618.png
images/G0641.png,seg_gt/G0641.png
images/G0753.png,seg_gt/G0753.png
images/G0197.png,seg_gt/G0197.png
images/G0705.png,seg_gt/G0705.png
images/G1037.png,seg_gt/G1037.png
images/G0974.png,seg_gt/G0974.png
images/G0335.png,seg_gt/G0335.png
images/G0019.png,seg_gt/G0019.png
images/G0741.png,seg_gt/G0741.png
images/G0098.png,seg_gt/G0098.png
images/G0552.png,seg_gt/G0552.png
images/G0083.png,seg_gt/G0083.png
images/G0121.png,seg_gt/G0121.png
images/G1039.png,seg_gt/G1039.png
images/G0170.png,seg_gt/G0170.png
images/G0736.png,seg_gt/G0736.png
images/G0445.png,seg_gt/G0445.png
images/G1030.png,seg_gt/G1030.png
images/G0377.png,seg_gt/G0377.png
images/G0714.png,seg_gt/G0714.png
images/G1015.png,seg_gt/G1015.png
images/G0872.png,seg_gt/G0872.png
images/G0215.png,seg_gt/G0215.png
images/G0737.png,seg_gt/G0737.png
images/G0063.png,seg_gt/G0063.png
images/G0324.png,seg_gt/G0324.png
images/G0652.png,seg_gt/G0652.png
images/G0671.png,seg_gt/G0671.png
images/G0754.png,seg_gt/G0754.png
images/G0871.png,seg_gt/G0871.png
images/G0706.png,seg_gt/G0706.png
images/G0563.png,seg_gt/G0563.png
images/G0191.png,seg_gt/G0191.png
images/G0158.png,seg_gt/G0158.png
images/G0575.png,seg_gt/G0575.png
images/G0614.png,seg_gt/G0614.png
images/001.png,seg_gt/001.png
images/003.png,seg_gt/003.png
images/004.png,seg_gt/004.png
images/005.png,seg_gt/005.png
images/006.png,seg_gt/006.png
images/007.png,seg_gt/007.png
images/008.png,seg_gt/008.png
images/009.png,seg_gt/009.png
images/010.png,seg_gt/010.png
images/011.png,seg_gt/011.png
images/013.png,seg_gt/013.png
images/014.png,seg_gt/014.png
images/015.png,seg_gt/015.png
images/016.png,seg_gt/016.png
images/017.png,seg_gt/017.png
images/018.png,seg_gt/018.png
images/019.png,seg_gt/019.png
images/020.png,seg_gt/020.png
images/021.png,seg_gt/021.png
images/022.png,seg_gt/022.png
images/023.png,seg_gt/023.png
images/024.png,seg_gt/024.png
images/027.png,seg_gt/027.png
images/030.png,seg_gt/030.png
images/031.png,seg_gt/031.png
images/032.png,seg_gt/032.png
images/033.png,seg_gt/033.png
images/034.png,seg_gt/034.png
images/035.png,seg_gt/035.png
images/036.png,seg_gt/036.png
images/037.png,seg_gt/037.png
images/038.png,seg_gt/038.png
images/040.png,seg_gt/040.png
images/041.png,seg_gt/041.png
images/043.png,seg_gt/043.png
images/044.png,seg_gt/044.png
images/045.png,seg_gt/045.png
images/046.png,seg_gt/046.png
images/047.png,seg_gt/047.png
images/048.png,seg_gt/048.png
images/049.png,seg_gt/049.png
images/050.png,seg_gt/050.png
images/057.png,seg_gt/057.png
images/058.png,seg_gt/058.png
images/059.png,seg_gt/059.png
images/060.png,seg_gt/060.png
images/061.png,seg_gt/061.png
images/063.png,seg_gt/063.png
images/064.png,seg_gt/064.png
images/065.png,seg_gt/065.png
images/066.png,seg_gt/066.png
images/068.png,seg_gt/068.png
images/069.png,seg_gt/069.png
images/074.png,seg_gt/074.png
images/075.png,seg_gt/075.png
images/076.png,seg_gt/076.png
images/077.png,seg_gt/077.png
images/078.png,seg_gt/078.png
images/080.png,seg_gt/080.png
images/081.png,seg_gt/081.png
images/082.png,seg_gt/082.png
images/083.png,seg_gt/083.png
images/084.png,seg_gt/084.png
images/085.png,seg_gt/085.png
images/086.png,seg_gt/086.png
images/087.png,seg_gt/087.png
images/090.png,seg_gt/090.png
images/093.png,seg_gt/093.png
images/095.png,seg_gt/095.png
images/096.png,seg_gt/096.png
images/097.png,seg_gt/097.png
images/098.png,seg_gt/098.png
images/100.png,seg_gt/100.png
images/102.png,seg_gt/102.png
images/103.png,seg_gt/103.png
images/104.png,seg_gt/104.png
images/105.png,seg_gt/105.png
images/106.png,seg_gt/106.png
images/107.png,seg_gt/107.png
images/108.png,seg_gt/108.png
images/111.png,seg_gt/111.png
images/112.png,seg_gt/112.png
images/113.png,seg_gt/113.png
images/115.png,seg_gt/115.png
images/116.png,seg_gt/116.png
images/117.png,seg_gt/117.png
images/118.png,seg_gt/118.png
images/119.png,seg_gt/119.png
images/120.png,seg_gt/120.png
images/121.png,seg_gt/121.png
images/122.png,seg_gt/122.png
images/123.png,seg_gt/123.png
images/124.png,seg_gt/124.png
images/125.png,seg_gt/125.png
images/126.png,seg_gt/126.png
images/127.png,seg_gt/127.png
images/128.png,seg_gt/128.png
images/129.png,seg_gt/129.png
images/130.png,seg_gt/130.png
images/131.png,seg_gt/131.png
images/132.png,seg_gt/132.png
images/133.png,seg_gt/133.png
images/134.png,seg_gt/134.png
images/135.png,seg_gt/135.png
